{
  "meta_title": "",
  "meta_description": "",
  "sections": [
    {
      "type": "banner-slider",
      "autoplay": 9000,
      "full_width": false,
      "slides": [
        {
          "img": "/img/uploads/infinite180t.png",
          "link": "https://www.infinitestore.com.br/maquina-infinite-cutting-machine-180t",
          "alt": "",
          "start": "",
          "end": "",
          "mobile_img": ""
        },
        {
          "start": "",
          "end": "",
          "img": "/img/uploads/maquina_sunshine.jpg",
          "link": "https://infinitestore.com.br/separadora-lcd-touch-succao-sunshine-s-918f"
        },
        {
          "start": "",
          "end": "",
          "img": "/img/uploads/maquina_relife.jpg",
          "link": "https://infinitestore.com.br/maquina-de-corte-para-pelicula-protetora-relife-rl-870c"
        },
        {
          "start": "",
          "end": "",
          "img": "/img/uploads/maquina_laser_mtriangel.jpg"
        },
        {
          "start": "",
          "end": "",
          "img": "/img/uploads/maquina-mechanic-ilaser-ultra.jpg",
          "link": "https://infinitestore.com.br/maquina-mechanic-ilaser-ultra"
        },
        {
          "start": "",
          "end": "",
          "img": "/img/uploads/om_k6_edge.jpg"
        },
        {
          "start": "",
          "end": "",
          "img": "/img/uploads/m-triangel-mt-zone.jpg",
          "link": "https://infinitestore.com.br/m-triangel-laser-machine-mt-z-one"
        },
        {
          "start": "",
          "end": "",
          "img": "/img/uploads/mechanic_pro.png",
          "link": "https://infinitestore.com.br/estacao-de-retrabalho-mechanic-861dw-pro"
        },
        {
          "start": "",
          "end": "",
          "img": "/img/uploads/foward_fw201.png",
          "link": "https://www.infinitestore.com.br/forward-edge-uv-lamp-1000w"
        }
      ]
    },
    {
      "type": "info-bar",
      "enabled": true
    },
    {
      "type": "collection-shelf",
      "shuffle": true,
      "collection_id": null,
      "sort": "offers",
      "title": "Lançamentos 🚀",
      "headless": false,
      "limit": 12,
      "page": 1
    },
    {
      "type": "collection-shelf",
      "shuffle": false,
      "limit": 12,
      "page": 1,
      "title": "Populares🎉",
      "headless": false
    },
    {
      "type": "custom-html",
      "html": "<script src=\"https://www.mercadopago.com/v2/security.js\" view=\"home\"></script>"
    }
  ]
}